Tata Vehicle,Trucks
buy school bus,Buses
tata star bus ultra,Buses
tata ultra t16,Buses
Bus,Buses
Truck,Trucks
Trick,Trucks
Truk,Trucks
truc,Trucks
Trks,Trucks
tata bus price,Buses
tata star bus,Buses
tata school bus price,Buses
school bus price,Buses
star bus price,Buses
tata city bus price,Buses
tata ultra 1918,Buses
city bus price,Buses
tata ultra t11,Buses
tata ultra t7,Buses
tata bus,Buses
tata ultra,Buses
tata motors ultra,Buses
tata star bus,Buses
tata city bus,Buses
tata bus,Buses
buy tata bus,Buses
tata bus bs6 price,Buses
tata staff bus,Buses
book school bus,Buses
Buses,Buses
tata school bus,Buses
school bus price,Buses
star bus price,Buses
tata ultra t6,Buses
tata bus bs6,Buses
star bus booking,Buses
tata bus price,Buses
tata star bus price,Buses
staff bus price,Buses
tata ace gold petrol bs6 price,SCV & Pickups
ace gold tata,SCV & Pickups
tata mini pickup price,SCV & Pickups
tata ace cng load capacity,SCV & Pickups
chhota pickup price,SCV & Pickups
tata ace cng price in pune,SCV & Pickups
tata ace diesel capacity,SCV & Pickups
tata ace gold bs6 cng price,SCV & Pickups
tata ace gold capacity,SCV & Pickups
tata ace gold mini truck price,SCV & Pickups
tata ace loading price,SCV & Pickups
tata ace variants,SCV & Pickups
tata cng mini truck,SCV & Pickups
tata ace gold cng bs6,SCV & Pickups
tata intra v30 price,SCV & Pickups
tata yodha price,SCV & Pickups
bs6 tata ace gold,SCV & Pickups
tata ace bs6 petrol price,SCV & Pickups
tata ace fuel tank price,SCV & Pickups
tata ace cng tank capacity,SCV & Pickups
tata ace gold bs6 petrol price,SCV & Pickups
tata intra v10,SCV & Pickups
tata ace bs6 on road price,SCV & Pickups
tata ace online,SCV & Pickups
ace mini truck,SCV & Pickups
ace truck price,SCV & Pickups
buy tata ace,SCV & Pickups
tata ace commercial vehicle price,SCV & Pickups
tata ace gold body price,SCV & Pickups
tata ace gold engine,SCV & Pickups
tata ace gold features,SCV & Pickups
tata ace mini truck mileage,SCV & Pickups
buy tata ace online,SCV & Pickups
tata ace bs6 mileage,SCV & Pickups
tata ace all model price,SCV & Pickups
tata motors ace gold price,SCV & Pickups
tata intra v10 price,SCV & Pickups
tata pickup yodha,SCV & Pickups
tata ace gold petrol engine,SCV & Pickups
tata ace gold on road price,SCV & Pickups
bs6 tata ace,SCV & Pickups
tata ace new vehicle price,SCV & Pickups
tata ace cng bs6,SCV & Pickups
chhota tata,SCV & Pickups
new tata ace on road price,SCV & Pickups
tata ace gold new price,SCV & Pickups
new tata ace gold,SCV & Pickups
tata pickup price,SCV & Pickups
tata ace vehicle,SCV & Pickups
tata motors v30,SCV & Pickups
ace mini truck price,SCV & Pickups
tata ace gold petrol price,SCV & Pickups
tata ace cng mini truck price,SCV & Pickups
tata ace features,SCV & Pickups
tata ace gold mini truck,SCV & Pickups
tata ace mini truck on road price,SCV & Pickups
tata ace models and price,SCV & Pickups
tata ace petrol engine,SCV & Pickups
tata ace vehicle mileage,SCV & Pickups
tata ace vehicle type,SCV & Pickups
tata ace cng price,SCV & Pickups
tata motors mini truck,SCV & Pickups
cng tata ace price,SCV & Pickups
tata xenon price,SCV & Pickups
tata ace gold petrol bs6 mileage,SCV & Pickups
intra v30 price,SCV & Pickups
tata intra price,SCV & Pickups
tata ace diesel price,SCV & Pickups
tata ace cng,SCV & Pickups
tata ace loading capacity,SCV & Pickups
tata ace gold cng price,SCV & Pickups
intra v10 price,SCV & Pickups
tata ace bs6 on road price,SCV & Pickups
tata ace gold on road price,SCV & Pickups
tata ace vehicle,SCV & Pickups
tata ace gold petrol bs6,SCV & Pickups
tata ace gold bs6 petrol on road price,SCV & Pickups
tata ace gold diesel,SCV & Pickups
tata v30,SCV & Pickups
tata ace gold diesel price,SCV & Pickups
tata ace gold petrol price,SCV & Pickups
tata ace cng price,SCV & Pickups
cng tata ace price,SCV & Pickups
tata ace cng,SCV & Pickups
tata ace loading capacity,SCV & Pickups
new model tata ace gold,SCV & Pickups
tata ace diesel mileage,SCV & Pickups
tata ace mini truck price,SCV & Pickups
tata ace gold cng price,SCV & Pickups
tata ace gold diesel,SCV & Pickups
tata ace gold diesel price,SCV & Pickups
tata ace new model,SCV & Pickups
new model tata ace gold,SCV & Pickups
tata ace diesel mileage,SCV & Pickups
tata ace mini truck price,SCV & Pickups
tata ace new model,SCV & Pickups
tata ace petrol mileage,SCV & Pickups
Pikap,SCV & Pickups
mini price,SCV & Pickups
buy pickup,SCV & Pickups
buy mini,SCV & Pickups
tata ace gold petrol,SCV & Pickups
truck tata ace,SCV & Pickups
tata ace petrol engine bs6,SCV & Pickups
tata ace gold petrol mileage,SCV & Pickups
tata ace petrol,SCV & Pickups
tata ace gold online booking,SCV & Pickups
tata ace fuel capacity,SCV & Pickups
bs6 tata ace price,SCV & Pickups
tata yodha pickup price,SCV & Pickups
new tata ace price,SCV & Pickups
tata ace gold offer,SCV & Pickups
tata ace gold bs6 on road price,SCV & Pickups
tata small pickup,SCV & Pickups
tata ace gold cng,SCV & Pickups
tata ace gold diesel bs6,SCV & Pickups
tata ace gold bs6 price in chennai,SCV & Pickups
tata ace capacity,SCV & Pickups
tata ace cng mileage,SCV & Pickups
tata ace models,SCV & Pickups
tata ace petrol price,SCV & Pickups
tata ace gold bs6 details,SCV & Pickups
new tata ace price on road,SCV & Pickups
tata ace bs6 petrol,SCV & Pickups
intra v30 bs6 price,SCV & Pickups
tata ace gold bs6 petrol,SCV & Pickups
tata ace mini truck,SCV & Pickups
tata pickup on road price,SCV & Pickups
tata motors ace,SCV & Pickups
tata ace price,SCV & Pickups
tata ace truck,SCV & Pickups
pickup price,SCV & Pickups
intra pickup,SCV & Pickups
tata ace bs6 diesel price,SCV & Pickups
tata ace gold bs6 diesel mileage,SCV & Pickups
tata ace online price,SCV & Pickups
tata ace bs6 model,SCV & Pickups
tata ace types,SCV & Pickups
tata ace mini truck loading capacity,SCV & Pickups
tata ace gold bs6 diesel price,SCV & Pickups
tata ace gold bs6 mileage,SCV & Pickups
tata ace diesel tank capacity,SCV & Pickups
ace gold diesel price,SCV & Pickups
tata ace diesel,SCV & Pickups
tata ace engine,SCV & Pickups
tata ace engine capacity,SCV & Pickups
tata ace gold loading capacity,SCV & Pickups
ace gold petrol price,SCV & Pickups
ace pickup,SCV & Pickups
tata ace gold bs6 diesel on road price,SCV & Pickups
tata ace cng on road price,SCV & Pickups
tata ace fuel tank capacity,SCV & Pickups
tata ace price and mileage,SCV & Pickups
tata intra,SCV & Pickups
tata intra v30,SCV & Pickups
tata intra v30 price,SCV & Pickups
tata intra v10,SCV & Pickups
tata ace bs6,SCV & Pickups
tata intra v10 price,SCV & Pickups
tata ace price cng,SCV & Pickups
tata ace gold petrol on road price,SCV & Pickups
intra v30 price,SCV & Pickups
tata ace gold price on road,SCV & Pickups
tata intra price,SCV & Pickups
intra v10 price,SCV & Pickups
tata ace petrol mileage,SCV & Pickups
tata ace petrol engine price,SCV & Pickups
book tata ace online,SCV & Pickups
mini tata ace price,SCV & Pickups
tata ace gold bs6 petrol mileage,SCV & Pickups
tata ace gold diesel mileage,SCV & Pickups
tata ace gold diesel on road price,SCV & Pickups
tata ace new model price,SCV & Pickups
tata ace gold petrol,SCV & Pickups
truck tata ace,SCV & Pickups
yodha tata motors,SCV & Pickups
tata ace gold bs6,SCV & Pickups
tata ace petrol vehicle,SCV & Pickups
tata ace petrol on road price,SCV & Pickups
book tata ace,SCV & Pickups
tata ace booking,SCV & Pickups
tata ace gold petrol mileage,SCV & Pickups
tata ace petrol,SCV & Pickups
SCV & Pickups,SCV & Pickups
Pickups,SCV & Pickups
tata ace gold cng on road price,SCV & Pickups
tata ace truck price,SCV & Pickups
Tata ACE,SCV & Pickups
tata motors gold,SCV & Pickups
tata pickup mileage,SCV & Pickups
tata ace bs6 engine,SCV & Pickups
new tata ace price in chennai,SCV & Pickups
tata ace commercial vehicle,SCV & Pickups
tata ace gold bs6 diesel,SCV & Pickups
tata ace vehicle price,SCV & Pickups
tata motors ace,SCV & Pickups
tata ace gold mileage petrol,SCV & Pickups
tata ace gold diesel bs6 price,SCV & Pickups
tata ace price bs6,SCV & Pickups
tata ace gold body design,SCV & Pickups
tata ace price,SCV & Pickups
tata ace vehicle price,SCV & Pickups
ace pickup price,SCV & Pickups
tata ace new model petrol,SCV & Pickups
tata ace gold cng mileage,SCV & Pickups
tata ace gold diesel tank capacity,SCV & Pickups
tata ace gold mileage diesel,SCV & Pickups
tata ace price diesel,SCV & Pickups
tata ace price petrol,SCV & Pickups
tata ace gold price,SCV & Pickups
tata ace bs6 cng,SCV & Pickups
tata motors intra,SCV & Pickups
tata new mini truck,SCV & Pickups
tata ace gold,SCV & Pickups
tata yodha bs6 price,SCV & Pickups
tata ace diesel price,SCV & Pickups
tata ace diesel tank price,SCV & Pickups
tata motors intra v30,SCV & Pickups
tata ace cng price and mileage,SCV & Pickups
tata ace bs6 diesel,SCV & Pickups
tata ace diesel on road price,SCV & Pickups
tata ace gold fuel tank capacity,SCV & Pickups
tata intra,SCV & Pickups
tata intra bs6 price,SCV & Pickups
tata company pickup,SCV & Pickups
tata motors ace price,SCV & Pickups
tata pickup price on road,SCV & Pickups
tata intra v30,SCV & Pickups
tata ace petrol engine bs6 price,SCV & Pickups
tata ace petrol bs6,SCV & Pickups
price tata ace gold,SCV & Pickups
tata ace gold bs6 price,SCV & Pickups
price of tata ace gold,SCV & Pickups
tata ace details,SCV & Pickups
tata motors ace gold,SCV & Pickups
tata ace gold price,SCV & Pickups
tata ace gold new model,SCV & Pickups
tata ace gold,SCV & Pickups
tata ace vehicle capacity,SCV & Pickups
tata ace gold petrol tank capacity,SCV & Pickups
tata ace gold details,SCV & Pickups
pickup truck tata,SCV & Pickups
ace vehicle price,SCV & Pickups
new tata ace gold price,SCV & Pickups
tata ace bs6 petrol mileage,SCV & Pickups
tata motors pickup,SCV & Pickups
tata ace truck mileage,SCV & Pickups
tata ace price gold,SCV & Pickups
tata pickup,SCV & Pickups
tata truck mini,SCV & Pickups
tata v30 intra,SCV & Pickups
tata ace bs6 price,SCV & Pickups
Tata Ghoda,Trucks
tata company truck,Trucks
truck tata motors,Trucks
tata motors sales,Trucks
tata sales,Trucks
tata trucks model,Trucks
new tata truck,Trucks
tata company vehicles,Trucks
tata motors vehicles,Trucks
tata motors vehicle price,Trucks
tata truck price,Trucks
tata vehicle,Trucks
tata motors new vehicle,Trucks
tata company truck,Trucks
truck tata motors,Trucks
tata motors signa,Trucks
tata motors sales,Trucks
tata prima,Trucks
tata signa,Trucks
tata tipper,Trucks
tata motors tipper,Trucks
tata tipper price,Trucks
tata sales,Trucks
tipper trucks price,Trucks
tata truck 407,Trucks
tata trucks model,Trucks
tata signa 5530,Trucks
tata prima 5530,Trucks
new tata truck,Trucks
trailer tata,Trucks
tata company vehicles,Trucks
tata lpt 3118,Trucks
tata motors vehicles,Trucks
tata trailers price,Trucks
tata 1918,Trucks
tata lpt 1512,Trucks
tata 5530,Trucks
tata 4825,Trucks
tata lpt 1109,Trucks
tata signa 2823,Trucks
lpt truck,Trucks
tata truck on road price,Trucks
tata truck new model,Trucks
tata bs6 truck,Trucks
tata prima 3530,Trucks
tata lps 4018,Trucks
tata lpt 4825,Trucks
tata lpt 710,Trucks
tata trailer truck,Trucks
tata signa 4018,Trucks
tata signa truck,Trucks
tata tractor trailer,Trucks
tata tractors price,Trucks
tata heavy trucks price,Trucks
tata tipper on road price,Trucks
tata signa 3525,Trucks
tata 1923,Trucks
tata lpt 1918,Trucks
tata lpt 709,Trucks
tata prima 3525,Trucks
tata lpt 1212,Trucks
tata 2823,Trucks
tata signa 4225,Trucks
tata lpk,Trucks
signa tata,Trucks
tata 2818,Trucks
tata lpt 4225,Trucks
tata signa 2825,Trucks
tata signa 5525,Trucks
bs6 tata truck,Trucks
tata signa 3518,Trucks
buy tipper trucks,Trucks
tata lpt 3518,Trucks
tata lpt 2818,Trucks
lpt vehicle,Trucks
tata lpt 1412,Trucks
tata lpt 712,Trucks
tata ultra 1012,Trucks
tata truck bs6,Trucks
tata 610 sfc,Trucks
tata lpt 1112,Trucks
bs6 tata truck price,Trucks
tata truck bs6 price,Trucks
tata lpt 4225 bs6 price,Trucks
tata lcv truck,Trucks
tata 1212 tipper bs6 price,Trucks
tata signa 2818,Trucks
tata light trucks price,Trucks
tata prima 2830,Trucks
tata signa 1923,Trucks
heavy trucks price,Trucks
tata prima 2825,Trucks
tata sfc 710,Trucks
ultra tata truck,Trucks
buy tata trucks,Trucks
tata signa 2821,Trucks
tata truck signa,Trucks
lpt tata,Trucks
tata company tractor,Trucks
tata motors bs6 truck,Trucks
tata signa 3118,Trucks
tata small tipper,Trucks
tata 510 sfc,Trucks
tata signa 3523,Trucks
tata 2823 tipper,Trucks
tata lpt 3518 bs6 price,Trucks
tata signa 4925,Trucks
tata truck lpt,Trucks
bs6 tata motors,Trucks
tata lpt 407 bs6 price,Trucks
tata lcv price,Trucks
buy tractor trailers,Trucks
Ghoda,Trucks
Tempo,Trucks
Dumpers,Trucks
Overload,Trucks
Mini Truck,Trucks
Badi Gaadi,Trucks
tata motors new vehicle,Trucks
tata magic details,Vans
tata magic bs6,Vans
tata magic price loading,Vans
tata magic engine,Vans
tata winger school van price,Vans
tata magic loading on road price,Vans
tata magic showroom price,Vans
tata magic fuel tank capacity,Vans
Tourist Van,Vans
tata magic express ambulance price,Vans
tata magic on road,Vans
tata magic vehicle,Vans
tata magic loading capacity,Vans
tata magic engine price,Vans
tata magic booking,Vans
tata magic passenger,Vans
tata magic petrol,Vans
tata magic four wheeler price,Vans
tata winger bs6 price,Vans
new tata magic,Vans
tata magic express on road price,Vans
winger ambulance,Vans
tata winger ambulance price,Vans
Staff Van,Vans
tata magic express mileage,Vans
magic express price,Vans
school van price,Vans
tata magic bs6 on road price,Vans
tata magic bs6 price,Vans
new model tata magic,Vans
tata winger ambulance,Vans
tata magic express 10 seater price,Vans
tata magic mileage,Vans
tata magic express price,Vans
tata motors van,Vans
tata magic 10 seater price,Vans
tata magic express,Vans
book magic express,Vans
tata magic on road price,Vans
tata winger price,Vans
buy tata magic,Vans
tata magic price,Vans
tata magic,Vans
tata winger,Vans
bs6 tata magic,Vans
tata motors winger,Vans
Van,Vans
Vans,Vans
tata magic express 10 seater price,Vans
Skool Van,Vans
tata magic mileage,Vans
magic express ambulance price,Vans
magic express bs6 price,Vans
tata magic express price,Vans
tata magic 10 seater price,Vans
tata magic express,Vans
tata magic on road price,Vans
tata magic price,Vans
tata magic,Vans
tata magic price and mileage,Vans
tata winger ambulance,Vans
tata magic body,Vans
tata magic express bs6 price,Vans
tata magic price mileage,Vans
tata winger price,Vans
tata magic new model price,Vans
tata winger,Vans
buy tata winger,Vans
tata motors winger,Vans
tata magic four wheeler,Vans
tata magic capacity,Vans
cng tata magic,Vans
tata magic model,Vans
winger bus,Buses
tata magic on road price,Vans
tata magic,Vans
tata magic price,Vans
tata motors pickup,SCV & Pickups
vans,Vans
chota hati,SCV & Pickups
chhota haathi,SCV & Pickups
Chhota Haathi,SCV & Pickups
ICV 17T - 18T,Trucks
Tractor Trailer 52/55,Trucks
MAV Tippers 28,Trucks
LCV Buses,Buses
MAV 35,Trucks
ICV 10T - 12T,Trucks
Tractor Trailer 30,Trucks
Magic M2,Vans
LCV 5T,Trucks
MAV Tippers 42,Trucks
LCV 4X4,Trucks
Tractor Trailer 55,Trucks
ICV 13T - 14T,Trucks
ICV Tipper,Trucks
MCV SWB,Trucks
MCV Tippers 19,Trucks
Tractor Trailer 39.5,Trucks
MCV LPT 19,Trucks
Pickup Large,SCV & Pickups
Tractor Trailer 46,Trucks
LCV Tippers,Trucks
MAV 31,Trucks
ICV 8T - 9T,Trucks
ICV 15T - 16T,Trucks
MCV SE,Trucks
LCV 7T,Trucks
LCV 6T,Trucks
Winger,Vans
MAV Tippers 48,Trucks
MCV LWB,Trucks
MAV 28,Trucks
MAV 48,Trucks
ICV Buses,Buses
Tata Ace,SCV & Pickups
MAV 42,Trucks
MAV 49,Trucks
LCV 4T PU,Trucks
M&HCV Buses,Buses
Magic,Vans
MAV Tippers 35,Trucks
Intra,SCV & Pickups
ULTRA1918,Trucks
T.6 ULTRA TT,Trucks
T.7 ULTRA TT,Trucks
LPT 4225,Trucks
LPO1621 5L,Buses
SIGNA 1918.K.,Trucks
1616 LPT,Trucks
Intra V10,SCV & Pickups
LPS4625TC FBV,Trucks
Prima 3530.K.,Trucks
SA1212TC,Trucks
SIGNA 2823.TK.,Trucks
1912g LPT SWB,Trucks
PRIMA 5530.S 4x2 FBV,Trucks
Winger-Ambulance,Vans
SIGNA 2825.TK. FBV,Trucks
ULTRA URBAN9/9 EV,Buses
SIGNA 1923.K.,Trucks
T.16 ULTRACx,Trucks
LP812 FBV,Buses
SIGNA 4025.S,Trucks
SIGNA 2830.K. FBV,Trucks
ULTRA 2821 FBV,Trucks
LP716,Buses
LPT3118,Trucks
1212 LPT CX,Trucks
Ace Gold Petrol CX HD,SCV & Pickups
Ace Gold CNG 2.0,SCV & Pickups
LPO11.6,Buses
510 SFC,Trucks
LP410,Buses
Prima 2830.K. FBV,Trucks
LPS4018TC IAL FBV,Trucks
T.19 ULTRA LWB,Trucks
SIGNA 4023.S,Trucks
SIGNA 3123.T,Trucks
SIGNA 4225.T,Trucks
LPT3521,Trucks
LPS4018TC IAL,Trucks
Yodha Ex,SCV & Pickups
Signa 3518,Trucks
LPO10.2 CNG,Buses
LPT 2823,Trucks
T.12g ULTRA,Trucks
Signa 3118,Trucks
SIGNA 1918.K. FBV,Trucks
LPO10.2 FBV,Buses
1012 LPT,Trucks
LP812,Buses
T.18 ULTRA,Trucks
Prima 2825.K. FBV,Trucks
LPT 4925,Trucks
SIGNA 4621.S,Trucks
SIGNA 4830.T,Trucks
SIGNA 4225.TK. FBV,Trucks
Prima 3525.K. FBV,Trucks
Prima 3525.K.,Trucks
SIGNA 4830.TK. FBV,Trucks
SIGNA 3525.T,Trucks
LPT 4221 5L,Trucks
SIGNA 4830.TK.,Trucks
Ace Gold Diesel,SCV & Pickups
612 SK,Trucks
1009g LPT,Trucks
LPS4625TC,Trucks
LPO1618 CNG FBV,Buses
LP 712,Buses
LPO1822TC FBV,Buses
Prima 2830.K.,Trucks
Intra V20,SCV & Pickups
1512 LPT,Trucks
LPO8.6 FBV,Buses
SA 1218.T FBV,Trucks
LP810,Buses
407 4X4,Trucks
SIGNA 1921.K.,Trucks
Signa 4925 FBV,Trucks
T.14 ULTRA,Trucks
SIGNA 2823.K. FBV,Trucks
Prima 3530.TK. FBV,Trucks
Intra V30 CX,SCV & Pickups
LP909 FBV,Buses
SIGNA 3125.T,Trucks
Intra V50,SCV & Pickups
LPT 4930,Trucks
LPT 2821,Trucks
LPT 1918,Trucks
Signa 3518 FBV,Trucks
710 LPT,Trucks
Yodha SC,SCV & Pickups
LP909 CNG FBV,Buses
ULTRA 2821,Trucks
LPO10.2,Buses
Ace Gold Diesel Plus,SCV & Pickups
Ace EV 1000 FLATBED,SCV & Pickups
1916 LPT LWB,Trucks
Signa 1918,Trucks
SA1212TC FBV,Trucks
610 SFC TT,Trucks
912 LPK,Trucks
Ace HT Plus,SCV & Pickups
LP912,Buses
LPS5530TC 4x2 FBV,Trucks
SIGNA 4830.T FBV,Trucks
Signa 2818 FBV,Trucks
SIGNA 2823.K.,Trucks
Magic EXPRESS M2,Vans
LPT 4825,Trucks
SIGNA 5530.S 6x4 FBV,Trucks
LPO1315 FBV,Buses
LPK2823.K.,Trucks
Signa 4221 5L,Trucks
1212 LPK,Trucks
712 LPT TT,Trucks
T.7 ULTRA,Trucks
Prima 3525.TK. FBV,Trucks
SIGNA 3523.TK. FBV,Trucks
SIGNA 1923.K. FBV,Trucks
LPT 2820,Trucks
Winger cargo,SCV & Pickups
T.16 ULTRA,Trucks
LP810 FBV,Buses
LPS4021TC IAL,Trucks
T.9 ULTRA,Trucks
LP913 CNG FBV,Buses
SIGNA 3525.TK.,Trucks
Winger-Deluxe,Vans
SIGNA 4023.S FBV,Trucks
709g LPT TT,Trucks
LPT 2818,Trucks
Signa 3118 FBV,Trucks
LP1618,Buses
610 LPT,Trucks
Prima 3530.K. FBV,Trucks
610 LPK,Trucks
SIGNA 1923.T,Trucks
Signa 4825 FBV,Trucks
Intra V30,SCV & Pickups
LP1618TC FBV,Buses
SIGNA 3521.T,Trucks
1112 LPT,Trucks
LP 712 FBV,Buses
SIGNA 2825.TK.,Trucks
SIGNA 5530.S 6x4,Trucks
Yodha SC 4x4,SCV & Pickups
1412g LPT,Trucks
Prima 5530.S 4x2 FBV,Trucks
Ace Gold Diesel CBC,SCV & Pickups
1412 LPT,Trucks
Ace Gold Petrol CX Cab Chassis,SCV & Pickups
SIGNA 4025.S FBV,Trucks
1512g LPT,Trucks
Prima 3525.TK.,Trucks
Ace Gold Petrol HD,SCV & Pickups
LP910 CNG,Buses
LPT 1918 FBV,Trucks
SIGNA 2823.T,Trucks
ULTRA URBAN9/9 EV FBV,Buses
LPO1618 5L FBV,Buses
LPO1618,Buses
Magic Express CNG,Vans
SIGNA 5530.S 4x2 FBV,Trucks
Prima 2830.TK. FBV,Trucks
Signa 3521,Trucks
712 SFC,Trucks
Signa 2818,Trucks
SIGNA 3530.TK.,Trucks
SIGNA 3525.K. FBV,Trucks
PRIMA 5530.S 6x4,Trucks
Signa 4925,Trucks
LP407,Buses
709g LPT,Trucks
Prima4630.S,Trucks
LPT 3123,Trucks
Intra V30 FBV,SCV & Pickups
SIGNA 3525.K.,Trucks
SIGNA 4021.S,Trucks
LP410 FBV,Buses
Prima 3530.TK.,Trucks
LPO1622TC FBV,Buses
712 LPT,Trucks
1109g LPT,Trucks
LPO1618TC FBV,Buses
T.6 ULTRA,Trucks
Ace Gold Petrol FBV,SCV & Pickups
Intra V70,SCV & Pickups
SIGNA 4825.TK.,Trucks
K.14 ULTRA,Trucks
LP1618 5L,Buses
1416 LPT,Trucks
URBAN9/12 EV FBV,Buses
710 SK,Trucks
Signa 3521 FBV,Trucks
1921 ULTRA LWB,Trucks
Magic Mantra CNG,Vans
SIGNA 4825.TK. FBV,Trucks
ULTRA1918 FBV,Trucks
SIGNA 2821.K. FBV,Trucks
LPO8.6,Buses
LPO1822TC,Buses
LPO1618TC,Buses
SIGNA 4225.TK.,Trucks
Signa 4221 5L FBV,Trucks
Ultra 3021.S,Trucks
Intra V10 CX,SCV & Pickups
407 GOLD,Trucks
LP1618 FBV,Buses
T.19 ULTRA SWB,Trucks
Ace Gold Petrol Cab Chassis,SCV & Pickups
LPS5530TC FBV,Trucks
Yodha SC FBV,SCV & Pickups
LPT 3525,Trucks
1921 LPT SWB,Trucks
Signa 4225,Trucks
SIGNA 4930.T,Trucks
SIGNA 3530.K.,Trucks
LPO11.6 CNG,Buses
1216 LPT,Trucks
SIGNA 2825.K. FBV,Trucks
Prima 2825.TK.,Trucks
LP410 CNG FBV,Buses
LPT 3523,Trucks
LP710,Buses
LP810 CNG,Buses
4/12 Low Entry EV FBV,Buses
1916 LPT SWB,Trucks
Ace Gold Petrol,SCV & Pickups
LPS5530TC,Trucks
407g GOLD,Trucks
609g SFC,Trucks
Signa 2821,Trucks
SIGNA 4623.S,Trucks
Magic Express Petrol,Vans
LPS4623TC,Trucks
712 SK,Trucks
SA 1218.T,Trucks
Yodha CC 4x4,SCV & Pickups
SIGNA 5530.S 4x2,Trucks
610 SK,Trucks
LP712 FBV,Buses
LPO1618 FBV,Buses
SIGNA 1923.TK.,Trucks
LPO 1316,Buses
Magic MANTRA,Vans
Yodha 2.0,SCV & Pickups
LPO1618 5L,Buses
Ace EV,SCV & Pickups
LP910 CNG FBV,Buses
SIGNA 4625.S FBV,Trucks
407 GOLD 29,Trucks
SIGNA 4625.S,Trucks
SIGNA 2830.K.,Trucks
610 SFC,Trucks
SIGNA 3530.TK. FBV,Trucks
Signa 4825,Trucks
LP407 CNG FBV,Buses
Magic Mantra Petrol,Vans
Ace Gold Diesel HD,SCV & Pickups
T.11 ULTRA,Trucks
Winger-School,Vans
LP916 FBV,Buses
1612g LPT,Trucks
LPO1613 CNG FBV,Buses
LP912 FBV,Buses
LPT 3125,Trucks
Prima 5530.S 4x2,Trucks
4/12 Low Entry EV,Buses
Magic PETROL,Vans
LP410 CNG,Buses
LPS5525TC 4x2 FBV,Trucks
Intra V10 FBV,SCV & Pickups
SIGNA 2821.T,Trucks
LPT 4830,Trucks
LPT 3518,Trucks
Prima5530 FBV,Trucks
1815 LPT,Trucks
Signa 4225 FBV,Trucks
Yodha CC,SCV & Pickups
1816 LPT,Trucks
LP916,Buses
LPO1622TC,Buses
1812g LPT,Trucks
LPO1613 CNG,Buses
1921 LPT LWB,Trucks
1923 LPT LWB,Trucks
SIGNA 2818.K. FBV,Trucks
Prima 2825.K.,Trucks
Prima4625,Trucks
SIGNA 3525.TK. FBV,Trucks
LPT 3518 FBV,Trucks
710 SFC,Trucks
LP412 FBV,Buses
LP710 FBV,Buses
Prima 2825.TK. FBV,Trucks
LPO7.5,Buses
Magic Express Ambulance,Vans
LP712,Buses
URBAN9/12 EV,Buses
LPS5530TC 4x2,Trucks
LPO11.6 FBV,Buses
Ace Gold CNG,SCV & Pickups
SIGNA 2830.TK. FBV,Trucks
Ace Gold CNG Plus,SCV & Pickups
LP913 CNG,Buses
SIGNA 2825.K.,Trucks
LPO 1316 FBV,Buses
T.12 ULTRA,Trucks
LPO1618 CNG,Buses
LP412,Buses
SIGNA 3523.TK.,Trucks
LP716 FBV,Buses
LP1618TC,Buses
SIGNA 3523.T,Trucks
LP909,Buses
510 LPT,Trucks
Ace Gold Petrol CX,SCV & Pickups
407 GOLD 33,Trucks
LPO1315,Buses
912 LPT,Trucks
Prima5530,Trucks
1216 LPK,Trucks
Ace Diesel,SCV & Pickups
T.12 Ultra,Trucks
SIGNA 2830.TK.,Trucks
LPT1918 5L,Trucks
SIGNA 3121.T,Trucks
SIGNA 2823.TK. FBV,Trucks
SIGNA 3530.K. FBV,Trucks
SIGNA 2821.K.,Trucks
Prima 2830.TK.,Trucks
Ace EV 1000 CLB,SCV & Pickups
LP810 CNG FBV,Buses
SIGNA 4623.S FBV,Trucks
LPO7.5 FBV,Buses
Intra V30 HD,SCV & Pickups
LPS5525TC 4x2,Trucks
1212 LPT,Trucks
1923 LPT SWB,Trucks
Sigma,Trucks
mav 48 trucks,Trucks
6 Wheeler Truck,Trucks
Heavy Truck,Trucks
Staff Bus,Buses
Light Truck,Trucks
Mini Truck,SCV & Pickups
School Bus,Buses
Small Pickup,SCV & Pickups
Intercity Bus,Buses
Passenger Van,Vans
Bus Chassis,Buses
Ambulance,Vans
Large Pickup,SCV & Pickups
Tipper,Trucks
School Van,Vans
Tractor Trailer,Trucks
Distribution Truck,Trucks
tata truck,Trucks
107,SCV & Pickups
Kutti Yaanai,SCV & Pickups
Load vandi,SCV & Pickups
16 chakka,Trucks
16 tyri,Trucks
14 chakka,Trucks
14 tyri,Trucks
13 chakka,Trucks
13 tyri,Trucks
10 chakka,Trucks
10 tyri,Trucks
Single axle,Trucks
Multi axle,Trucks
Dumfer,Trucks
sada pata,Trucks
ulti kaman,Trucks
uthmi kaman,Trucks
undhi kaman,Trucks
